{"Epoch": 1, "Training Loss": 0.6933624182428633, "Validation Loss": 0.6956325835651822, "Training Accuracy": 50.17985611510792, "Validation Accuracy": 46.402877697841724, "_timestamp": 1697413472.6189983, "_runtime": 43.656867265701294, "_step": 0}