{"Epoch": 10, "Training Loss": 0.22633468945111548, "Validation Loss": 0.3919241673180035, "Training Accuracy": 91.34831460674157, "Validation Accuracy": 87.4439461883408, "_timestamp": 1697689943.0823128, "_runtime": 249.27250170707703, "_step": 9}