{"Epoch": 4, "Training Loss": 13053.034285835598, "Validation Loss": 2814.1495463053384, "Training Accuracy": null, "Validation Accuracy": null, "_timestamp": 1702710920.3065548, "_runtime": 138.23850274085999, "_step": 3, "_wandb": {"runtime": 136}}