{"Epoch": 3, "Training Loss": 0.6935089505513509, "Validation Loss": 0.693291296984287, "Training Accuracy": 49.74166666666667, "Validation Accuracy": 50.233333333333334, "_timestamp": 1697688959.490311, "_runtime": 210.39098191261292, "_step": 2}