{"Epoch": 1, "Training Loss": 0.7215001153945922, "Validation Loss": 0.707123305116381, "Training Accuracy": 50.25, "Validation Accuracy": 52.5, "_timestamp": 1697686249.5763292, "_runtime": 37.42100119590759, "_step": 0, "_wandb": {"runtime": 36}}