{"Epoch": 5, "Training Loss": 390.7414446379009, "Validation Loss": 30.056840361210337, "Training Accuracy": null, "Validation Accuracy": null, "_timestamp": 1702719675.9103456, "_runtime": 770.7378935813904, "_step": 4, "_wandb": {"runtime": 770}}