{"Epoch": 11, "Training Loss": 0.47192071484667913, "Validation Loss": 0.4939137356621878, "Training Accuracy": 85.28089887640449, "Validation Accuracy": 82.95964125560538, "_timestamp": 1697602107.079611, "_runtime": 456.0430021286011, "_step": 10}