{"Epoch": 1, "Training Loss": 0.697238495913885, "Validation Loss": 0.6972412322248731, "Training Accuracy": 50.235955056179776, "Validation Accuracy": 49.438202247191015, "_timestamp": 1697436050.6999705, "_runtime": 68.07549738883972, "_step": 0, "_wandb": {"runtime": 67}}